area,frequency
Animal Science and Zoology,34025
"Ecology, Evolution, Behavior and Systematics",33809
Electrical and Electronic Engineering,32955
Agronomy and Crop Science,29814
General Medicine,29492
"Public Health, Environmental and Occupational Health",28027
Plant Science,27323
Food Science,26452
General Chemistry,26401
Computer Science Applications,26339
General Materials Science,23771
Condensed Matter Physics,23179
Biochemistry,22133
Multidisciplinary,21537
Computer Networks and Communications,21517
General Agricultural and Biological Sciences,21094
General Veterinary,20537
Mechanical Engineering,20388
Infectious Diseases,20170
Education,19624
Software,19385
Molecular Biology,18879
Energy Engineering and Power Technology,18262
Surgery,17974
Ecology,16645
General Engineering,16490
General Physics and Astronomy,16395
General Computer Science,16272
Genetics,15775
General Dentistry,15493
General Chemical Engineering,15457
Mechanics of Materials,15224
General Environmental Science,15193
"Renewable Energy, Sustainability and the Environment",15148
"Geography, Planning and Development",15084
Pollution,15061
Aquatic Science,14692
Industrial and Manufacturing Engineering,14624
Artificial Intelligence,14348
"Electronic, Optical and Magnetic Materials",13763
Applied Mathematics,13509
Physical and Theoretical Chemistry,13238
Organic Chemistry,13112
Analytical Chemistry,13017
Materials Chemistry,12984
Control and Systems Engineering,12395
Orthopedics and Sports Medicine,12300
Neurology (clinical),12218
"General Biochemistry, Genetics and Molecular Biology",11797
"Management, Monitoring, Policy and Law",11532
Pharmacology,11329
Microbiology,11211
Information Systems,11158
"Physical Therapy, Sports Therapy and Rehabilitation",11150
General Nursing,10756
Environmental Engineering,10656
Environmental Chemistry,10645
Microbiology (medical),10593
Biotechnology,10558
Cardiology and Cardiovascular Medicine,10382
"Atomic and Molecular Physics, and Optics",10036
Physiology,9852
Waste Management and Disposal,9758
Instrumentation,9653
Forestry,9647
Immunology,9636
Psychiatry and Mental Health,9620
"Health, Toxicology and Mutagenesis",9603
Cell Biology,9463
Hardware and Architecture,9369
Nutrition and Dietetics,9256
Sociology and Political Science,9123
Water Science and Technology,9056
Parasitology,8993
Insect Science,8974
General Social Sciences,8892
General Mathematics,8773
Control and Optimization,8712
"Safety, Risk, Reliability and Quality",8528
Soil Science,8528
"Endocrinology, Diabetes and Metabolism",8468
Civil and Structural Engineering,8308
Medicine (miscellaneous),8211
General Psychology,8196
Oncology,8128
Geology,8039
Modeling and Simulation,8008
Drug Discovery,7947
Health (social science),7806
"Pediatrics, Perinatology and Child Health",7725
Health Policy,7667
Toxicology,7545
Earth-Surface Processes,7389
Theoretical Computer Science,7331
Biomedical Engineering,7317
"Radiology, Nuclear Medicine and Imaging",7274
Immunology and Allergy,7160
Nature and Landscape Conservation,7147
Otorhinolaryngology,7142
Computer Vision and Pattern Recognition,7116
Bioengineering,7073
Horticulture,7036
Molecular Medicine,7035
Business and International Management,7011
Pharmaceutical Science,6985
Spectroscopy,6978
Nuclear and High Energy Physics,6877
"Surfaces, Coatings and Films",6839
Human-Computer Interaction,6820
Strategy and Management,6813
Signal Processing,6753
Space and Planetary Science,6636
Astronomy and Astrophysics,6626
Dermatology,6513
Management Science and Operations Research,6497
Polymers and Plastics,6413
Neurology,6371
Pharmacology (medical),6202
Obstetrics and Gynecology,6112
General Neuroscience,6047
History,6028
General Earth and Planetary Sciences,5938
Management of Technology and Innovation,5910
Biophysics,5777
Information Systems and Management,5680
Environmental Science (miscellaneous),5622
Inorganic Chemistry,5377
Statistics and Probability,5374
Building and Construction,5370
Physiology (medical),5353
Cancer Research,5337
Oceanography,5303
Atmospheric Science,5302
Economics and Econometrics,5301
Ceramics and Composites,5018
Fuel Technology,5000
Catalysis,4987
Law,4936
Oral Surgery,4932
"General Economics, Econometrics and Finance",4911
Applied Microbiology and Biotechnology,4848
Aerospace Engineering,4814
Agricultural and Biological Sciences (miscellaneous),4804
Metals and Alloys,4792
Process Chemistry and Technology,4744
Endocrinology,4743
Geophysics,4628
Clinical Biochemistry,4621
Language and Linguistics,4595
Epidemiology,4590
Rehabilitation,4568
Engineering (miscellaneous),4547
Cultural Studies,4499
Biomaterials,4497
"General Business, Management and Accounting",4457
"General Pharmacology, Toxicology and Pharmaceutics",4338
Pathology and Forensic Medicine,4325
General Immunology and Microbiology,4241
Pulmonary and Respiratory Medicine,4219
Virology,4174
Geotechnical Engineering and Engineering Geology,4070
Communication,3934
Linguistics and Language,3897
Library and Information Sciences,3837
Physics and Astronomy (miscellaneous),3826
Social Sciences (miscellaneous),3820
Ophthalmology,3756
Statistical and Nonlinear Physics,3625
Geochemistry and Petrology,3589
Automotive Engineering,3566
Hematology,3528
Gastroenterology,3506
Cellular and Molecular Neuroscience,3444
Anthropology,3430
Computational Theory and Mathematics,3409
Computational Mathematics,3366
Biological Psychiatry,3352
Philosophy,3318
Analysis,3300
Complementary and Alternative Medicine,3281
Computer Graphics and Computer-Aided Design,3189
General Energy,3094
Genetics (clinical),3060
Ocean Engineering,3045
Critical Care and Intensive Care Medicine,3035
Global and Planetary Change,3027
Internal Medicine,2961
Urban Studies,2948
Behavioral Neuroscience,2944
Development,2943
Surfaces and Interfaces,2939
Mathematical Physics,2901
Computer Science (miscellaneous),2894
Geriatrics and Gerontology,2848
Health Informatics,2844
Fluid Flow and Transfer Processes,2835
Food Animals,2831
Advanced and Specialized Nursing,2744
Arts and Humanities (miscellaneous),2703
Clinical Psychology,2687
Materials Science (miscellaneous),2659
Earth and Planetary Sciences (miscellaneous),2647
Computers in Earth Sciences,2635
Electrochemistry,2630
Developmental Biology,2579
Urology,2540
Chemistry (miscellaneous),2518
General Arts and Humanities,2509
Structural Biology,2477
Political Science and International Relations,2345
Chemical Engineering (miscellaneous),2322
Marketing,2244
Rheumatology,2235
Social Psychology,2225
Developmental and Educational Psychology,2153
"Statistics, Probability and Uncertainty",2138
Public Administration,2118
Economic Geology,2080
Cognitive Neuroscience,2039
Literature and Literary Theory,2028
Histology,2015
Paleontology,2013
Nephrology,2006
Media Technology,2004
Algebra and Number Theory,1869
Radiation,1848
Anatomy,1815
Energy (miscellaneous),1807
Reproductive Medicine,1773
Anesthesiology and Pain Medicine,1766
Architecture,1749
Speech and Hearing,1700
Orthodontics,1687
Ecological Modeling,1677
History and Philosophy of Science,1654
"Business, Management and Accounting (miscellaneous)",1651
Applied Psychology,1641
Nuclear Energy and Engineering,1624
Aging,1605
Accounting,1571
Gender Studies,1550
Management Information Systems,1514
Sensory Systems,1508
Experimental and Cognitive Psychology,1488
Organizational Behavior and Human Resource Management,1478
Geometry and Topology,1471
Transportation,1432
Acoustics and Ultrasonics,1428
Periodontics,1380
Transplantation,1332
Discrete Mathematics and Combinatorics,1330
Finance,1327
General Decision Sciences,1255
Radiological and Ultrasound Technology,1253
Biochemistry (medical),1231
Medical and Surgical Nursing,1230
Colloid and Surface Chemistry,1208
Numerical Analysis,1165
Neuroscience (miscellaneous),1164
"Economics, Econometrics and Finance (miscellaneous)",1157
Dentistry (miscellaneous),1145
Archeology (arts and humanities),1145
Safety Research,1121
Medical Laboratory Technology,1113
Computational Mechanics,1101
"Tourism, Leisure and Hospitality Management",1093
Hepatology,1075
Health Information Management,998
Neuropsychology and Physiological Psychology,986
Equine,978
Health Professions (miscellaneous),970
"Biochemistry, Genetics and Molecular Biology (miscellaneous)",967
Archeology,962
Mathematics (miscellaneous),939
Veterinary (miscellaneous),933
Visual Arts and Performing Arts,906
Occupational Therapy,876
Small Animals,865
Emergency Medicine,861
Complementary and Manual Therapy,833
Developmental Neuroscience,814
Industrial Relations,776
Museology,752
Decision Sciences (miscellaneous),733
Gerontology,712
Stratigraphy,693
Filtration and Separation,690
Life-span and Life-course Studies,654
Music,652
Endocrine and Autonomic Systems,632
Demography,627
General Health Professions,617
"Pharmacology, Toxicology and Pharmaceutics (miscellaneous)",589
Pharmacy,587
Logic,568
Religious Studies,553
Human Factors and Ergonomics,469
Immunology and Microbiology (miscellaneous) ,466
Nursing (miscellaneous),440
LPN and LVN,424
Community and Home Care,390
Psychology (miscellaneous),365
Maternity and Midwifery,355
Leadership and Management,316
Family Practice,309
Embryology,289
Psychiatric Mental Health,271
Chemical Health and Safety,270
Fundamentals and Skills,256
Chiropractics,208
Conservation,191
Research and Theory,189
Pediatrics,187
"Issues, Ethics and Legal Aspects",144
Dental Hygiene,136
Critical Care Nursing,122
Oncology (nursing),113
Emergency Nursing,103
Assessment and Diagnosis,88
Nurse Assisting,87
Classics,81
Dental Assisting,69
Podiatry,54
Optometry,49
Care Planning,28
Review and Exam Preparation,18
Reviews and References (medical),16
Emergency Medical Services,12
Pathophysiology,7
Respiratory Care,6
Medical Assisting and Transcription,6
Drug Guides,6
